Workbook

Sheet Merchant Dashboard
B1: Business Details | G1: Merchant Details | I1: Business Status | K1: Date | O1: Additional Comments
A2: Executive | B2: Merchant ID | C2: Business Name | D2: Seller Name | E2: Business Category | F2: Risk Level | G2: Contact No | H2: Email ID | I2: Stage | J2: Registration Status | K2: Submission Date | L2: Approval Date | M2: Onboarding Days | N2: Delay Alert
A3: Karan | B3: M0001 | C3: Smart Hub | D3: Amit Gupta | E3: Footwear | F3: Low | G3: 9829666443 | H3: amitgupta@example.com | I3: Document Review | J3: Pending | K3: 46034 | N3: AT RISK
A4: Neha | B4: M0002 | C4: Trend Kart | D4: Arjun Reddy | E4: Lingerie and Sleepwear | F4: High | G4: 9237732234 | H4: arjunreddy@example.com | I4: Compliance Check | J4: Approved | K4: 46049 | L4: 46056 | M4: 7
A5: Rahul | B5: M0003 | C5: Dream Store | D5: Rahul Nair | E5: Accessories | F5: Medium | G5: 9641716187 | H5: rahulnair@example.com | I5: Compliance Check | J5: Rejected | K5: 46065 | N5: AT RISK
A6: Rahul | B6: M0004 | C6: Prime Collection | D6: Priya Gupta | E6: Home and Living | F6: High | G6: 9599216711 | H6: priyagupta@example.com | I6: Final Approval | J6: Approved | K6: 46080 | L6: 46090 | M6: 10
A7: Rahul | B7: M0005 | C7: Prime World | D7: Riya Sharma | E7: Gadgets | F7: Low | G7: 9572300775 | H7: riyasharma@example.com | I7: Compliance Check | J7: Pending | K7: 46052 | N7: AT RISK
A8: Sneha | B8: M0006 | C8: Glow Bazaar | D8: Rahul Reddy | E8: Lingerie and Sleepwear | F8: Medium | G8: 9166079756 | H8: rahulreddy@example.com | I8: Final Approval | J8: Approved | K8: 46053 | L8: 46060 | M8: 7
A9: Neha | B9: M0007 | C9: Smart Collection | D9: Anita Das | E9: Beauty and Personal Care | F9: High | G9: 9286350678 | H9: anitadas@example.com | I9: Document Review | J9: Rejected | K9: 46068
A10: Rahul | B10: M0008 | C10: Prime World | D10: Vikas Reddy | E10: Accessories | F10: Medium | G10: 9496412732 | H10: vikasreddy@example.com | I10: Document Review | J10: Approved | K10: 46026 | L10: 46033 | M10: 7
A11: Rahul | B11: M0009 | C11: Smart Mart | D11: Rahul Patel | E11: Jewellery | F11: Medium | G11: 9624751727 | H11: rahulpatel@example.com | I11: Compliance Check | J11: Rejected | K11: 46065 | N11: AT RISK
A12: Rahul | B12: M0010 | C12: Dream Zone | D12: Anita Gupta | E12: Home and Living | F12: High | G12: 9174835913 | H12: anitagupta@example.com | I12: Compliance Check | J12: Approved | K12: 46073 | L12: 46080 | M12: 7
A13: Karan | B13: M0011 | C13: Style Zone | D13: Karan Nair | E13: Lingerie and Sleepwear | F13: Low | G13: 9804667173 | H13: karannair@example.com | I13: Compliance Check | J13: Pending | K13: 46060 | N13: AT RISK
A14: Sneha | B14: M0012 | C14: Active Bazaar | D14: Anita Reddy | E14: Bags and Luggage | F14: High | G14: 9705536955 | H14: anitareddy@example.com | I14: Compliance Check | J14: Pending | K14: 46065 | N14: AT RISK
A15: Sneha | B15: M0013 | C15: Trend Zone | D15: Arjun Nair | E15: Bags and Luggage | F15: Medium | G15: 9874713062 | H15: arjunnair@example.com | I15: Compliance Check | J15: Rejected | K15: 46056 | N15: AT RISK
A16: Neha | B16: M0014 | C16: Nova World | D16: Priya Mehta | E16: Footwear | F16: High | G16: 9293645211 | H16: priyamehta@example.com | I16: Final Approval | J16: Approved | K16: 46037 | L16: 46039 | M16: 2
A17: Karan | B17: M0015 | C17: Style Store | D17: Riya Das | E17: Gadgets | F17: Medium | G17: 9692232530 | H17: riyadas@example.com | I17: Final Approval | J17: Approved | K17: 46045 | L17: 46052 | M17: 7
A18: Arti | B18: M0016 | C18: Glow Hub | D18: Karan Nair | E18: Sports and Activewear | F18: Low | G18: 9409385375 | H18: karannair@example.com | I18: Final Approval | J18: Rejected | K18: 46080
A19: Neha | B19: M0017 | C19: Urban Zone | D19: Riya Verma | E19: Sports and Activewear | F19: High | G19: 9731255780 | H19: riyaverma@example.com | I19: Final Approval | J19: Pending | K19: 46029 | N19: OVERDUE
A20: Sneha | B20: M0018 | C20: Style Kart | D20: Neha Iyer | E20: Home and Living | F20: High | G20: 9125790943 | H20: nehaiyer@example.com | I20: Document Review | J20: Approved | K20: 46059 | L20: 46069 | M20: 10
A21: Arti | B21: M0019 | C21: Nova Store | D21: Priya Mehta | E21: Sports and Activewear | F21: Low | G21: 9252085185 | H21: priyamehta@example.com | I21: Final Approval | J21: Pending | K21: 46046 | N21: OVERDUE
A22: Sneha | B22: M0020 | C22: Trend Hub | D22: Priya Singh | E22: Home and Living | F22: Medium | G22: 9491883073 | H22: priyasingh@example.com | I22: Compliance Check | J22: Rejected | K22: 46068
A23: Karan | B23: M0021 | C23: Dream Bazaar | D23: Riya Sharma | E23: Beauty and Personal Care | F23: Medium | G23: 9198389930 | H23: riyasharma@example.com | I23: Compliance Check | J23: Rejected | K23: 46038 | N23: OVERDUE
A24: Arti | B24: M0022 | C24: Urban Hub | D24: Riya Sharma | E24: Bags and Luggage | F24: Medium | G24: 9564213163 | H24: riyasharma@example.com | I24: Final Approval | J24: Approved | K24: 46078 | L24: 46088 | M24: 10
A25: Neha | B25: M0023 | C25: Prime Zone | D25: Vikas Verma | E25: Accessories | F25: Low | G25: 9528182317 | H25: vikasverma@example.com | I25: Final Approval | J25: Approved | K25: 46028 | L25: 46038 | M25: 10
A26: Rahul | B26: M0024 | C26: Active Store | D26: Amit Sharma | E26: Home and Living | F26: Low | G26: 9862029191 | H26: amitsharma@example.com | I26: Document Review | J26: Pending | K26: 46028 | N26: OVERDUE
A27: Neha | B27: M0025 | C27: Dream Bazaar | D27: Karan Mehta | E27: Bags and Luggage | F27: Low | G27: 9452230663 | H27: karanmehta@example.com | I27: Compliance Check | J27: Approved | K27: 46038 | L27: 46047 | M27: 9
A28: Rahul | B28: M0026 | C28: Active Zone | D28: Sneha Iyer | E28: Beauty and Personal Care | F28: Medium | G28: 9159473516 | H28: snehaiyer@example.com | I28: Final Approval | J28: Pending | K28: 46055 | N28: AT RISK
A29: Neha | B29: M0027 | C29: Dream Mart | D29: Rahul Verma | E29: Beauty and Personal Care | F29: Low | G29: 9243077903 | H29: rahulverma@example.com | I29: Compliance Check | J29: Rejected | K29: 46034 | N29: OVERDUE
A30: Neha | B30: M0028 | C30: Smart Store | D30: Amit Mehta | E30: Bags and Luggage | F30: Low | G30: 9987651484 | H30: amitmehta@example.com | I30: Compliance Check | J30: Rejected | K30: 46027 | N30: OVERDUE
A31: Karan | B31: M0029 | C31: Glow World | D31: Karan Nair | E31: Footwear | F31: High | G31: 9126586846 | H31: karannair@example.com | I31: Compliance Check | J31: Pending | K31: 46031 | N31: OVERDUE
A32: Neha | B32: M0030 | C32: Nova Bazaar | D32: Priya Verma | E32: Sports and Activewear | F32: High | G32: 9540490883 | H32: priyaverma@example.com | I32: Document Review | J32: Rejected | K32: 46039 | N32: OVERDUE
A33: Arti | B33: M0031 | C33: Urban Hub | D33: Vikas Reddy | E33: Lingerie and Sleepwear | F33: Low | G33: 9188132607 | H33: vikasreddy@example.com | I33: Final Approval | J33: Approved | K33: 46069 | L33: 46071 | M33: 2
A34: Sneha | B34: M0032 | C34: Trend Kart | D34: Sneha Sharma | E34: Apparel | F34: Medium | G34: 9450861206 | H34: snehasharma@example.com | I34: Compliance Check | J34: Approved | K34: 46076 | L34: 46078 | M34: 2
A35: Arti | B35: M0033 | C35: Nova Kart | D35: Anita Patel | E35: Footwear | F35: Medium | G35: 9752617811 | H35: anitapatel@example.com | I35: Document Review | J35: Pending | K35: 46030 | N35: OVERDUE
A36: Karan | B36: M0034 | C36: Urban Kart | D36: Sneha Singh | E36: Footwear | F36: High | G36: 9285065237 | H36: snehasingh@example.com | I36: Compliance Check | J36: Pending | K36: 46059 | N36: AT RISK
A37: Sneha | B37: M0035 | C37: Style Mart | D37: Sneha Sharma | E37: Bags and Luggage | F37: Medium | G37: 9224045794 | H37: snehasharma@example.com | I37: Document Review | J37: Pending | K37: 46078
A38: Karan | B38: M0036 | C38: Dream Collection | D38: Vikas Singh | E38: Accessories | F38: Low | G38: 9758312904 | H38: vikassingh@example.com | I38: Final Approval | J38: Rejected | K38: 46068
A39: Neha | B39: M0037 | C39: Glow World | D39: Karan Iyer | E39: Apparel | F39: Medium | G39: 9185097287 | H39: karaniyer@example.com | I39: Compliance Check | J39: Approved | K39: 46079 | L39: 46081 | M39: 2
A40: Karan | B40: M0038 | C40: Active Kart | D40: Riya Verma | E40: Apparel | F40: Medium | G40: 9835837552 | H40: riyaverma@example.com | I40: Final Approval | J40: Rejected | K40: 46038 | N40: OVERDUE
A41: Rahul | B41: M0039 | C41: Trend Bazaar | D41: Riya Sharma | E41: Jewellery | F41: Medium | G41: 9739742964 | H41: riyasharma@example.com | I41: Final Approval | J41: Approved | K41: 46065 | L41: 46075 | M41: 10
A42: Sneha | B42: M0040 | C42: Active Collection | D42: Anita Nair | E42: Lingerie and Sleepwear | F42: Medium | G42: 9769507948 | H42: anitanair@example.com | I42: Document Review | J42: Pending | K42: 46030 | N42: OVERDUE
A43: Karan | B43: M0041 | C43: Prime Collection | D43: Karan Singh | E43: Gadgets | F43: High | G43: 9554389687 | H43: karansingh@example.com | I43: Compliance Check | J43: Pending | K43: 46060 | N43: AT RISK
A44: Neha | B44: M0042 | C44: Urban Mart | D44: Arjun Reddy | E44: Gadgets | F44: Low | G44: 9941021198 | H44: arjunreddy@example.com | I44: Compliance Check | J44: Rejected | K44: 46050 | N44: OVERDUE
A45: Neha | B45: M0043 | C45: Active Kart | D45: Rahul Iyer | E45: Accessories | F45: High | G45: 9232245564 | H45: rahuliyer@example.com | I45: Document Review | J45: Pending | K45: 46049 | N45: OVERDUE
A46: Neha | B46: M0044 | C46: Prime Mart | D46: Riya Nair | E46: Lingerie and Sleepwear | F46: Low | G46: 9415355623 | H46: riyanair@example.com | I46: Final Approval | J46: Approved | K46: 46062 | L46: 46068 | M46: 6
A47: Neha | B47: M0045 | C47: Trend World | D47: Neha Reddy | E47: Jewellery | F47: High | G47: 9328006918 | H47: nehareddy@example.com | I47: Compliance Check | J47: Pending | K47: 46068
A48: Rahul | B48: M0046 | C48: Dream World | D48: Vikas Sharma | E48: Bags and Luggage | F48: Low | G48: 9927471769 | H48: vikassharma@example.com | I48: Final Approval | J48: Approved | K48: 46075 | L48: 46077 | M48: 2
A49: Neha | B49: M0047 | C49: Active Kart | D49: Anita Patel | E49: Gadgets | F49: Medium | G49: 9287893008 | H49: anitapatel@example.com | I49: Document Review | J49: Approved | K49: 46050 | L49: 46059 | M49: 9
A50: Rahul | B50: M0048 | C50: Prime Kart | D50: Arjun Sharma | E50: Gadgets | F50: Low | G50: 9143211466 | H50: arjunsharma@example.com | I50: Final Approval | J50: Pending | K50: 46023 | N50: OVERDUE
A51: Rahul | B51: M0049 | C51: Active Bazaar | D51: Riya Sharma | E51: Apparel | F51: High | G51: 9200678342 | H51: riyasharma@example.com | I51: Document Review | J51: Approved | K51: 46042 | L51: 46047 | M51: 5
A52: Rahul | B52: M0050 | C52: Trend Collection | D52: Vikas Nair | E52: Bags and Luggage | F52: High | G52: 9350183242 | H52: vikasnair@example.com | I52: Document Review | J52: Pending | K52: 46042 | N52: OVERDUE
A53: Rahul | B53: M0051 | C53: Elite World | D53: Amit Patel | E53: Jewellery | F53: High | G53: 9266340489 | H53: amitpatel@example.com | I53: Compliance Check | J53: Approved | K53: 46075 | L53: 46078 | M53: 3
A54: Karan | B54: M0052 | C54: Style Kart | D54: Neha Sharma | E54: Gadgets | F54: Medium | G54: 9934054567 | H54: nehasharma@example.com | I54: Document Review | J54: Rejected | K54: 46029 | N54: OVERDUE
A55: Sneha | B55: M0053 | C55: Prime Zone | D55: Riya Gupta | E55: Home and Living | F55: Medium | G55: 9229044812 | H55: riyagupta@example.com | I55: Final Approval | J55: Rejected | K55: 46042 | N55: OVERDUE
A56: Arti | B56: M0054 | C56: Elite Mart | D56: Anita Iyer | E56: Beauty and Personal Care | F56: Low | G56: 9897400817 | H56: anitaiyer@example.com | I56: Final Approval | J56: Pending | K56: 46022 | N56: OVERDUE
A57: Karan | B57: M0055 | C57: Trend Bazaar | D57: Anita Mehta | E57: Home and Living | F57: Low | G57: 9873691338 | H57: anitamehta@example.com | I57: Document Review | J57: Approved | K57: 46033 | L57: 46043 | M57: 10
A58: Arti | B58: M0056 | C58: Active World | D58: Riya Mehta | E58: Bags and Luggage | F58: Low | G58: 9849770644 | H58: riyamehta@example.com | I58: Document Review | J58: Rejected | K58: 46022 | N58: OVERDUE
A59: Arti | B59: M0057 | C59: Smart World | D59: Neha Verma | E59: Sports and Activewear | F59: Low | G59: 9381916817 | H59: nehaverma@example.com | I59: Final Approval | J59: Rejected | K59: 46065 | N59: AT RISK
A60: Karan | B60: M0058 | C60: Trend Store | D60: Rahul Nair | E60: Bags and Luggage | F60: Medium | G60: 9402356337 | H60: rahulnair@example.com | I60: Final Approval | J60: Rejected | K60: 46055 | N60: AT RISK
A61: Arti | B61: M0059 | C61: Dream Mart | D61: Anita Verma | E61: Footwear | F61: Medium | G61: 9345365646 | H61: anitaverma@example.com | I61: Final Approval | J61: Rejected | K61: 46080
A62: Karan | B62: M0060 | C62: Trend Store | D62: Priya Patel | E62: Footwear | F62: Medium | G62: 9522009513 | H62: priyapatel@example.com | I62: Final Approval | J62: Pending | K62: 46025 | N62: OVERDUE
A63: Arti | B63: M0061 | C63: Prime Zone | D63: Vikas Singh | E63: Beauty and Personal Care | F63: High | G63: 9663745763 | H63: vikassingh@example.com | I63: Document Review | J63: Rejected | K63: 46069
A64: Neha | B64: M0062 | C64: Trend World | D64: Neha Sharma | E64: Accessories | F64: Medium | G64: 9279094707 | H64: nehasharma@example.com | I64: Compliance Check | J64: Approved | K64: 46079 | L64: 46089 | M64: 10
A65: Arti | B65: M0063 | C65: Dream Bazaar | D65: Arjun Singh | E65: Gadgets | F65: High | G65: 9852495432 | H65: arjunsingh@example.com | I65: Compliance Check | J65: Approved | K65: 46058 | L65: 46063 | M65: 5
A66: Sneha | B66: M0064 | C66: Active Collection | D66: Vikas Patel | E66: Jewellery | F66: High | G66: 9745839863 | H66: vikaspatel@example.com | I66: Document Review | J66: Approved | K66: 46078 | L66: 46087 | M66: 9
A67: Rahul | B67: M0065 | C67: Urban Store | D67: Rahul Sharma | E67: Bags and Luggage | F67: Low | G67: 9562497334 | H67: rahulsharma@example.com | I67: Document Review | J67: Approved | K67: 46032 | L67: 46037 | M67: 5
A68: Rahul | B68: M0066 | C68: Dream Kart | D68: Arjun Gupta | E68: Bags and Luggage | F68: Low | G68: 9541191882 | H68: arjungupta@example.com | I68: Final Approval | J68: Pending | K68: 46034 | N68: OVERDUE
A69: Arti | B69: M0067 | C69: Elite Collection | D69: Karan Verma | E69: Gadgets | F69: Low | G69: 9993199541 | H69: karanverma@example.com | I69: Final Approval | J69: Rejected | K69: 46026 | N69: OVERDUE
A70: Neha | B70: M0068 | C70: Elite Store | D70: Neha Mehta | E70: Footwear | F70: Low | G70: 9587969343 | H70: nehamehta@example.com | I70: Final Approval | J70: Rejected | K70: 46041 | N70: OVERDUE
A71: Sneha | B71: M0069 | C71: Nova Collection | D71: Priya Das | E71: Lingerie and Sleepwear | F71: Low | G71: 9447695817 | H71: priyadas@example.com | I71: Final Approval | J71: Pending | K71: 46034 | N71: OVERDUE
A72: Sneha | B72: M0070 | C72: Nova Mart | D72: Vikas Sharma | E72: Bags and Luggage | F72: Medium | G72: 9739309813 | H72: vikassharma@example.com | I72: Final Approval | J72: Rejected | K72: 46067
A73: Rahul | B73: M0071 | C73: Urban Mart | D73: Vikas Gupta | E73: Sports and Activewear | F73: Medium | G73: 9322040941 | H73: vikasgupta@example.com | I73: Compliance Check | J73: Rejected | K73: 46021 | N73: OVERDUE
A74: Arti | B74: M0072 | C74: Prime World | D74: Priya Reddy | E74: Beauty and Personal Care | F74: High | G74: 9662632232 | H74: priyareddy@example.com | I74: Document Review | J74: Approved | K74: 46027 | L74: 46030 | M74: 3
A75: Sneha | B75: M0073 | C75: Prime Bazaar | D75: Anita Mehta | E75: Home and Living | F75: Low | G75: 9806998104 | H75: anitamehta@example.com | I75: Compliance Check | J75: Approved | K75: 46073 | L75: 46075 | M75: 2
A76: Sneha | B76: M0074 | C76: Nova Store | D76: Riya Iyer | E76: Home and Living | F76: High | G76: 9850804026 | H76: riyaiyer@example.com | I76: Document Review | J76: Rejected | K76: 46046 | N76: OVERDUE
A77: Karan | B77: M0075 | C77: Urban Store | D77: Anita Nair | E77: Sports and Activewear | F77: High | G77: 9354358113 | H77: anitanair@example.com | I77: Final Approval | J77: Pending | K77: 46031 | N77: OVERDUE
A78: Karan | B78: M0076 | C78: Style World | D78: Rahul Patel | E78: Gadgets | F78: Medium | G78: 9372325855 | H78: rahulpatel@example.com | I78: Document Review | J78: Rejected | K78: 46061 | N78: AT RISK
A79: Rahul | B79: M0077 | C79: Smart Mart | D79: Riya Sharma | E79: Beauty and Personal Care | F79: High | G79: 9652809484 | H79: riyasharma@example.com | I79: Document Review | J79: Rejected | K79: 46078
A80: Karan | B80: M0078 | C80: Elite Bazaar | D80: Arjun Patel | E80: Apparel | F80: Medium | G80: 9315244023 | H80: arjunpatel@example.com | I80: Document Review | J80: Pending | K80: 46075
A81: Rahul | B81: M0079 | C81: Nova Bazaar | D81: Amit Patel | E81: Accessories | F81: Low | G81: 9197418456 | H81: amitpatel@example.com | I81: Document Review | J81: Rejected | K81: 46049 | N81: OVERDUE
A82: Karan | B82: M0080 | C82: Smart Mart | D82: Priya Reddy | E82: Beauty and Personal Care | F82: Medium | G82: 9607275208 | H82: priyareddy@example.com | I82: Document Review | J82: Approved | K82: 46049 | L82: 46054 | M82: 5
A83: Neha | B83: M0081 | C83: Urban Zone | D83: Priya Iyer | E83: Accessories | F83: Low | G83: 9905746411 | H83: priyaiyer@example.com | I83: Document Review | J83: Rejected | K83: 46078
A84: Rahul | B84: M0082 | C84: Glow Kart | D84: Rahul Gupta | E84: Lingerie and Sleepwear | F84: Low | G84: 9800617156 | H84: rahulgupta@example.com | I84: Final Approval | J84: Rejected | K84: 46061 | N84: AT RISK
A85: Rahul | B85: M0083 | C85: Active Hub | D85: Karan Reddy | E85: Gadgets | F85: Low | G85: 9534397898 | H85: karanreddy@example.com | I85: Document Review | J85: Rejected | K85: 46024 | N85: OVERDUE
A86: Arti | B86: M0084 | C86: Active Zone | D86: Rahul Singh | E86: Gadgets | F86: Low | G86: 9782057216 | H86: rahulsingh@example.com | I86: Document Review | J86: Pending | K86: 46052 | N86: AT RISK
A87: Arti | B87: M0085 | C87: Glow Hub | D87: Neha Nair | E87: Sports and Activewear | F87: Low | G87: 9388341948 | H87: nehanair@example.com | I87: Final Approval | J87: Rejected | K87: 46059 | N87: AT RISK
A88: Rahul | B88: M0086 | C88: Nova Zone | D88: Arjun Mehta | E88: Jewellery | F88: Medium | G88: 9660014775 | H88: arjunmehta@example.com | I88: Final Approval | J88: Pending | K88: 46034 | N88: OVERDUE
A89: Rahul | B89: M0087 | C89: Prime Kart | D89: Riya Patel | E89: Lingerie and Sleepwear | F89: High | G89: 9535109597 | H89: riyapatel@example.com | I89: Final Approval | J89: Approved | K89: 46055 | L89: 46059 | M89: 4
A90: Neha | B90: M0088 | C90: Prime World | D90: Anita Gupta | E90: Apparel | F90: Medium | G90: 9827163010 | H90: anitagupta@example.com | I90: Compliance Check | J90: Approved | K90: 46046 | L90: 46055 | M90: 9
A91: Sneha | B91: M0089 | C91: Glow Store | D91: Arjun Reddy | E91: Sports and Activewear | F91: High | G91: 9300231963 | H91: arjunreddy@example.com | I91: Compliance Check | J91: Approved | K91: 46035 | L91: 46043 | M91: 8
A92: Arti | B92: M0090 | C92: Dream World | D92: Rahul Gupta | E92: Home and Living | F92: Low | G92: 9536881165 | H92: rahulgupta@example.com | I92: Compliance Check | J92: Pending | K92: 46075
A93: Arti | B93: M0091 | C93: Dream World | D93: Anita Nair | E93: Beauty and Personal Care | F93: High | G93: 9243698423 | H93: anitanair@example.com | I93: Compliance Check | J93: Rejected | K93: 46068
A94: Rahul | B94: M0092 | C94: Smart Kart | D94: Arjun Patel | E94: Bags and Luggage | F94: High | G94: 9640167272 | H94: arjunpatel@example.com | I94: Document Review | J94: Pending | K94: 46061 | N94: AT RISK
A95: Karan | B95: M0093 | C95: Style Zone | D95: Neha Gupta | E95: Bags and Luggage | F95: Medium | G95: 9784322701 | H95: nehagupta@example.com | I95: Compliance Check | J95: Pending | K95: 46022 | N95: OVERDUE
A96: Arti | B96: M0094 | C96: Dream Store | D96: Sneha Mehta | E96: Gadgets | F96: Low | G96: 9451119551 | H96: snehamehta@example.com | I96: Compliance Check | J96: Rejected | K96: 46039 | N96: OVERDUE
A97: Sneha | B97: M0095 | C97: Dream Store | D97: Vikas Das | E97: Accessories | F97: Medium | G97: 9605452747 | H97: vikasdas@example.com | I97: Final Approval | J97: Approved | K97: 46050 | L97: 46055 | M97: 5
A98: Neha | B98: M0096 | C98: Prime Collection | D98: Karan Verma | E98: Bags and Luggage | F98: Low | G98: 9378860639 | H98: karanverma@example.com | I98: Final Approval | J98: Approved | K98: 46031 | L98: 46037 | M98: 6
A99: Karan | B99: M0097 | C99: Nova Bazaar | D99: Vikas Verma | E99: Apparel | F99: High | G99: 9987536611 | H99: vikasverma@example.com | I99: Document Review | J99: Pending | K99: 46026 | N99: OVERDUE
A100: Rahul | B100: M0098 | C100: Dream Store | D100: Priya Iyer | E100: Bags and Luggage | F100: Medium | G100: 9345740891 | H100: priyaiyer@example.com | I100: Document Review | J100: Approved | K100: 46075 | L100: 46084 | M100: 9
...

Sheet 📊 KPI Metrics & Visual Dashboa
A1: 📊 KPI METRICS & EXECUTIVE PERFORMANCE | M1: EXECUTIVE PERFORMANCE SCORECARD | U1: Category | V1: Count
M2: Executive | N2: Total | O2: Approved | P2: Rejected | Q2: Pending | R2: Approval % | S2: Avg Days | U2: Sports and Activewear | V2: =COUNTIFS('Merchant Dashboard'!E3:E999,U2) -> 57
A3: Total Merchants | D3: Approved | G3: Rejected | J3: Pending | M3: Rahul | N3: =COUNTIF('Merchant Dashboard'!A3:A999,M3) -> 107 | O3: =COUNTIFS( 'Merchant Dashboard'!A3:A999,M3, 'Merchant Dashboard'!J3:J999,O2 ) -> 39 | P3: =COUNTIFS( 'Merchant Dashboard'!A3:A999,M3, 'Merchant Dashboard'!J3:J999,P2 ) -> 34 | Q3: =COUNTIFS( 'Merchant Dashboard'!A3:A999,M3, 'Merchant Dashboard'!J3:J999,Q2 ) -> 34 | R3: =O3/N3 -> 0.36448598 | S3: =AVERAGEIFS('Merchant Dashboard'!M3:M999, 'Merchant Dashboard'!A3:A999,M3) -> 6.7948718 | U3: Bags and Luggage | V3: =COUNTIFS('Merchant Dashboard'!E3:E999,U3) -> 56
A4: =COUNTA('Merchant Dashboard'!B3:B999) -> 500 | D4: =COUNTIF('Merchant Dashboard'!J3:J503,"Approved") -> 175 | G4: =COUNTIF('Merchant Dashboard'!J3:J999,"Rejected") -> 171 | J4: =COUNTIF('Merchant Dashboard'!J3:J999,"Pending") -> 154 | M4: Arti | N4: =COUNTIF('Merchant Dashboard'!A3:A999,M4) -> 106 | O4: =COUNTIFS( 'Merchant Dashboard'!A3:A999,M4, 'Merchant Dashboard'!J3:J999,O2 ) -> 32 | P4: =COUNTIFS( 'Merchant Dashboard'!A4:A999,M4, 'Merchant Dashboard'!J4:J999,P2 ) -> 46 | Q4: =COUNTIFS( 'Merchant Dashboard'!A4:A999,M4, 'Merchant Dashboard'!J4:J999,Q2 ) -> 28 | R4: =O4/N4 -> 0.30188679 | S4: =AVERAGEIFS('Merchant Dashboard'!M3:M999, 'Merchant Dashboard'!A3:A999,M4) -> 5.8125 | U4: Lingerie and Sleepwear | V4: =COUNTIFS('Merchant Dashboard'!E3:E999,U4) -> 54
M5: Karan | N5: =COUNTIF('Merchant Dashboard'!A4:A999,M5) -> 95 | O5: =COUNTIFS( 'Merchant Dashboard'!A4:A999,M5, 'Merchant Dashboard'!J4:J999,"Approved" ) -> 31 | P5: =COUNTIFS( 'Merchant Dashboard'!A5:A999,M5, 'Merchant Dashboard'!J5:J999,"Rejected" ) -> 30 | Q5: =COUNTIFS( 'Merchant Dashboard'!A5:A999,M5, 'Merchant Dashboard'!J5:J999,Q2 ) -> 34 | R5: =O5/N5 -> 0.32631579 | S5: =AVERAGEIFS('Merchant Dashboard'!M3:M999, 'Merchant Dashboard'!A3:A999,M5) -> 6.0645161 | U5: Jewellery | V5: =COUNTIFS('Merchant Dashboard'!E3:E999,U5) -> 53
A6: Approval Rate | D6: Avg Onboarding Days | G6: Overdue | J6: At-Risk | M6: Sneha | N6: =COUNTIF('Merchant Dashboard'!A5:A999,M6) -> 96 | O6: =COUNTIFS( 'Merchant Dashboard'!A5:A999,M6, 'Merchant Dashboard'!J5:J999,O2 ) -> 34 | P6: =COUNTIFS( 'Merchant Dashboard'!A6:A999,M6, 'Merchant Dashboard'!J6:J999,P2 ) -> 31 | Q6: =COUNTIFS( 'Merchant Dashboard'!A6:A999,M6, 'Merchant Dashboard'!J6:J999,"Pending" ) -> 31 | R6: =O6/N6 -> 0.35416667 | S6: =AVERAGEIFS('Merchant Dashboard'!M3:M999, 'Merchant Dashboard'!A3:A999,M6) -> 6.4411765 | U6: Beauty and Personal Care | V6: =COUNTIFS('Merchant Dashboard'!E3:E999,U6) -> 52
A7: =D4/A4 -> 0.35 | D7: =AVERAGE('Merchant Dashboard'!M3:M999) -> 6.2742857 | G7: =COUNTIF('Merchant Dashboard'!N3:N999,"OVERDUE") -> 161 | J7: =COUNTIF('Merchant Dashboard'!N3:N999,"AT RISK") -> 86 | M7: Neha | N7: =COUNTIF('Merchant Dashboard'!A6:A999,M7) -> 94 | O7: =COUNTIFS( 'Merchant Dashboard'!A6:A999,M7, 'Merchant Dashboard'!J6:J999,O2 ) -> 38 | P7: =COUNTIFS( 'Merchant Dashboard'!A7:A999,M7, 'Merchant Dashboard'!J7:J999,P2 ) -> 30 | Q7: =COUNTIFS( 'Merchant Dashboard'!A7:A999,M7, 'Merchant Dashboard'!J7:J999,Q2 ) -> 26 | R7: =O7/N7 -> 0.40425532 | S7: =AVERAGEIFS('Merchant Dashboard'!M3:M999, 'Merchant Dashboard'!A3:A999,M7) -> 6.1538462 | U7: Gadgets | V7: =COUNTIFS('Merchant Dashboard'!E3:E999,U7) -> 51
U8: Apparel | V8: =COUNTIFS('Merchant Dashboard'!E3:E999,U8) -> 48
A9: STAGE FUNNEL | M9: Month | N9: Submissions | O9: Approved | Q9: Risk | R9: Count | U9: Home and Living | V9: =COUNTIFS('Merchant Dashboard'!E3:E999,U9) -> 46
A10: Stage | B10: Count | C10: Approved | D10: Rejected | E10: Pending | M10: 2025-12 | N10: 20 | O10: 4 | Q10: Low | R10: =COUNTIFS('Merchant Dashboard'!F3:F999,Q10) -> 162
A11: Document Review | B11: =COUNTIF('Merchant Dashboard'!I3:I999,A11) -> 168 | C11: =COUNTIFS('Merchant Dashboard'!I3:I999,A11,'Merchant Dashboard'!J3:J999,C10) -> 59 | D11: =COUNTIFS('Merchant Dashboard'!I3:I999,A11,'Merchant Dashboard'!J3:J999,D10) -> 53 | E11: =COUNTIFS('Merchant Dashboard'!I3:I999,A11,'Merchant Dashboard'!J3:J999,E10) -> 56 | M11: 2026-01 | N11: 251 | O11: 87 | Q11: Medium | R11: =COUNTIFS('Merchant Dashboard'!F3:F999,Q11) -> 180
A12: Compliance Check | B12: =COUNTIF('Merchant Dashboard'!I3:I999,A12) -> 149 | C12: =COUNTIFS('Merchant Dashboard'!I3:I999,A12,'Merchant Dashboard'!J3:J999,C10) -> 46 | D12: =COUNTIFS('Merchant Dashboard'!I3:I999,A12,'Merchant Dashboard'!J3:J999,D10) -> 54 | E12: =COUNTIFS('Merchant Dashboard'!I3:I999,A12,'Merchant Dashboard'!J3:J999,E10) -> 49 | M12: 2026-02 | N12: 229 | O12: 84 | Q12: High | R12: =COUNTIFS('Merchant Dashboard'!F3:F999,Q12) -> 158
A13: Final Approval | B13: =COUNTIF('Merchant Dashboard'!I3:I999,A13) -> 183 | C13: =COUNTIFS('Merchant Dashboard'!I3:I999,A13,'Merchant Dashboard'!J3:J999,C10) -> 70 | D13: =COUNTIFS('Merchant Dashboard'!I3:I999,A13,'Merchant Dashboard'!J3:J999,D10) -> 64 | E13: =COUNTIFS('Merchant Dashboard'!I3:I999,A13,'Merchant Dashboard'!J3:J999,E10) -> 49
